<root>
  <facet id="jpt.jpa">
    <node name="libprov">
      <attribute name="provider-id" value="runtime-library-provider"/>
    </node>
  </facet>
  <facet id="jpt.jaxb">
    <node name="libprov">
      <attribute name="provider-id" value="jaxb-user-library-provider"/>
    </node>
    <node name="platform">
      <attribute name="platform-id" value="generic_2_2"/>
    </node>
  </facet>
  <facet id="jst.jaxrs">
    <node name="libprov">
      <attribute name="provider-id" value="jaxrs-no-op-library-provider"/>
    </node>
  </facet>
</root>
